,0
"('UP Alumni Engineers Centennial Hall', 'UP SOLAIR')",1492.5
"('UP Alumni Engineers Centennial Hall', 'College of Arts and Letters')",623.6
"('UP Alumni Engineers Centennial Hall', 'College of Business Administration')",1087.7
"('UP Alumni Engineers Centennial Hall', 'National Institute of Physics')",683.3
"('UP Alumni Engineers Centennial Hall', 'University of the Philippines College of Architecture')",629.6
"('UP Alumni Engineers Centennial Hall', 'UP School of Archaeology')",933.9
"('UP Alumni Engineers Centennial Hall', 'University of the Philippines, College of Social Sciences and Philosophy')",730.3
"('UP Alumni Engineers Centennial Hall', 'UP Institute of Biology')",517.1
"('UP Alumni Engineers Centennial Hall', 'University of the Philippines College of Mass Communication')",1317.4
"('UP Alumni Engineers Centennial Hall', 'UP Diliman Institute of Civil Engineering (UP-ICE)')",371.9
"('UP Alumni Engineers Centennial Hall', 'Pavilion 1 - Palma Hall')",655.1
"('UP Alumni Engineers Centennial Hall', 'Crafts and Interior Design Laboratory')",809.8
"('UP Alumni Engineers Centennial Hall', 'UP College of Home Economics Annex Building')",662.1
"('UP Alumni Engineers Centennial Hall', 'UP Diliman Electrical and Electronics Engineering Institute')",165.5
"('UP Alumni Engineers Centennial Hall', 'University of the Philippines Diliman Institute of Chemistry - Teaching Building')",632.6
"('UP Alumni Engineers Centennial Hall', 'University of the Philippines College of Engineering')",995.7
"('UP Alumni Engineers Centennial Hall', 'UP College of Music')",1334.1
"('UP Alumni Engineers Centennial Hall', 'Department of Chemical Engineering, University of the Philippines Diliman')",390.0
"('UP Alumni Engineers Centennial Hall', 'Computational Science Research Center')",504.8
"('UP Alumni Engineers Centennial Hall', 'UP College of Education')",960.1
"('UP Alumni Engineers Centennial Hall', 'Department of Mining, Metallurgical and Materials Engineering (UP DMMME)')",186.1
"('UP Alumni Engineers Centennial Hall', 'UP School of Economics')",1227.6
"('UP Alumni Engineers Centennial Hall', 'Industrial Engineering – Mechanical Engineering Building')",1267.3
"('UP Alumni Engineers Centennial Hall', 'Alonso Hall')",787.6
"('UP Alumni Engineers Centennial Hall', 'National Institute of Geological Sciences')",157.3
"('UP Alumni Engineers Centennial Hall', 'GT-Toyota Asian Center')",1524.5
"('UP Alumni Engineers Centennial Hall', 'University of the Philippines Center for International Studies')",838.6
"('UP Alumni Engineers Centennial Hall', 'UP College of Law')",1248.4
"('UP Alumni Engineers Centennial Hall', 'National Institute of Molecular Biology and Biotechnology')",518.2
"('UP Alumni Engineers Centennial Hall', 'UP Department of Mechanical Engineering')",1045.5
"('UP Alumni Engineers Centennial Hall', 'UP Marine Science Institute')",287.3
"('UP Alumni Engineers Centennial Hall', 'Institute of Mathematics')",422.7
"('UP Alumni Engineers Centennial Hall', 'Institute of Environmental Science and Meteorology')",233.8
"('UP Alumni Engineers Centennial Hall', 'Alfredo V. Lagmay Hall')",907.0
"('UP Alumni Engineers Centennial Hall', 'UP Vanguard Building')",1633.1
"('UP Alumni Engineers Centennial Hall', 'University of the Philippines-Diliman Department of Sociology')",749.9
"('UP Alumni Engineers Centennial Hall', 'Bulwagang Silangang Palma')",869.2
"('UP Alumni Engineers Centennial Hall', 'UP School of Statistics New Building')",641.1
"('UP Alumni Engineers Centennial Hall', 'UP Asian Institute Of Tourism')",1993.3
"('UP SOLAIR', 'College of Arts and Letters')",990.8
"('UP SOLAIR', 'College of Business Administration')",1505.2
"('UP SOLAIR', 'National Institute of Physics')",1889.7
"('UP SOLAIR', 'University of the Philippines College of Architecture')",878.3
"('UP SOLAIR', 'UP School of Archaeology')",634.1
"('UP SOLAIR', 'University of the Philippines, College of Social Sciences and Philosophy')",1173.4
"('UP SOLAIR', 'UP Institute of Biology')",1688.6
"('UP SOLAIR', 'University of the Philippines College of Mass Communication')",545.5
"('UP SOLAIR', 'UP Diliman Institute of Civil Engineering (UP-ICE)')",1287.0
"('UP SOLAIR', 'Pavilion 1 - Palma Hall')",1221.4
"('UP SOLAIR', 'Crafts and Interior Design Laboratory')",1508.3
"('UP SOLAIR', 'UP College of Home Economics Annex Building')",1755.4
"('UP SOLAIR', 'UP Diliman Electrical and Electronics Engineering Institute')",1327.0
"('UP SOLAIR', 'University of the Philippines Diliman Institute of Chemistry - Teaching Building')",1838.9
"('UP SOLAIR', 'University of the Philippines College of Engineering')",1091.1
"('UP SOLAIR', 'UP College of Music')",562.3
"('UP SOLAIR', 'Department of Chemical Engineering, University of the Philippines Diliman')",1435.0
"('UP SOLAIR', 'Computational Science Research Center')",1711.2
"('UP SOLAIR', 'UP College of Education')",1427.5
"('UP SOLAIR', 'Department of Mining, Metallurgical and Materials Engineering (UP DMMME)')",1536.4
"('UP SOLAIR', 'UP School of Economics')",1463.3
"('UP SOLAIR', 'Industrial Engineering – Mechanical Engineering Building')",1058.7
"('UP SOLAIR', 'Alonso Hall')",1669.6
"('UP SOLAIR', 'National Institute of Geological Sciences')",1562.1
"('UP SOLAIR', 'GT-Toyota Asian Center')",1509.3
"('UP SOLAIR', 'University of the Philippines Center for International Studies')",1275.6
"('UP SOLAIR', 'UP College of Law')",1344.7
"('UP SOLAIR', 'National Institute of Molecular Biology and Biotechnology')",1689.7
"('UP SOLAIR', 'UP Department of Mechanical Engineering')",826.4
"('UP SOLAIR', 'UP Marine Science Institute')",1367.3
"('UP SOLAIR', 'Institute of Mathematics')",1821.1
"('UP SOLAIR', 'Institute of Environmental Science and Meteorology')",1638.6
"('UP SOLAIR', 'Alfredo V. Lagmay Hall')",1344.0
"('UP SOLAIR', 'UP Vanguard Building')",400.7
"('UP SOLAIR', 'University of the Philippines-Diliman Department of Sociology')",1316.9
"('UP SOLAIR', 'Bulwagang Silangang Palma')",1409.6
"('UP SOLAIR', 'UP School of Statistics New Building')",1027.6
"('UP SOLAIR', 'UP Asian Institute Of Tourism')",580.9
"('College of Arts and Letters', 'College of Business Administration')",835.3
"('College of Arts and Letters', 'National Institute of Physics')",941.9
"('College of Arts and Letters', 'University of the Philippines College of Architecture')",526.9
"('College of Arts and Letters', 'UP School of Archaeology')",609.5
"('College of Arts and Letters', 'University of the Philippines, College of Social Sciences and Philosophy')",372.4
"('College of Arts and Letters', 'UP Institute of Biology')",725.9
"('College of Arts and Letters', 'University of the Philippines College of Mass Communication')",948.7
"('College of Arts and Letters', 'UP Diliman Institute of Civil Engineering (UP-ICE)')",609.2
"('College of Arts and Letters', 'Pavilion 1 - Palma Hall')",390.8
"('College of Arts and Letters', 'Crafts and Interior Design Laboratory')",545.6
"('College of Arts and Letters', 'UP College of Home Economics Annex Building')",870.9
"('College of Arts and Letters', 'UP Diliman Electrical and Electronics Engineering Institute')",458.1
"('College of Arts and Letters', 'University of the Philippines Diliman Institute of Chemistry - Teaching Building')",891.2
"('College of Arts and Letters', 'University of the Philippines College of Engineering')",627.7
"('College of Arts and Letters', 'UP College of Music')",965.4
"('College of Arts and Letters', 'Department of Chemical Engineering, University of the Philippines Diliman')",757.2
"('College of Arts and Letters', 'Computational Science Research Center')",753.6
"('College of Arts and Letters', 'UP College of Education')",626.5
"('College of Arts and Letters', 'Department of Mining, Metallurgical and Materials Engineering (UP DMMME)')",722.1
"('College of Arts and Letters', 'UP School of Economics')",975.2
"('College of Arts and Letters', 'Industrial Engineering – Mechanical Engineering Building')",899.4
"('College of Arts and Letters', 'Alonso Hall')",874.0
"('College of Arts and Letters', 'National Institute of Geological Sciences')",693.3
"('College of Arts and Letters', 'GT-Toyota Asian Center')",1250.1
"('College of Arts and Letters', 'University of the Philippines Center for International Studies')",474.7
"('College of Arts and Letters', 'UP College of Law')",880.5
"('College of Arts and Letters', 'National Institute of Molecular Biology and Biotechnology')",727.0
"('College of Arts and Letters', 'UP Department of Mechanical Engineering')",676.8
"('College of Arts and Letters', 'UP Marine Science Institute')",404.6
"('College of Arts and Letters', 'Institute of Mathematics')",952.3
"('College of Arts and Letters', 'Institute of Environmental Science and Meteorology')",769.8
"('College of Arts and Letters', 'Alfredo V. Lagmay Hall')",543.1
"('College of Arts and Letters', 'UP Vanguard Building')",1264.4
"('College of Arts and Letters', 'University of the Philippines-Diliman Department of Sociology')",485.6
"('College of Arts and Letters', 'Bulwagang Silangang Palma')",604.9
"('College of Arts and Letters', 'UP School of Statistics New Building')",290.7
"('College of Arts and Letters', 'UP Asian Institute Of Tourism')",1491.6
"('College of Business Administration', 'National Institute of Physics')",782.4
"('College of Business Administration', 'University of the Philippines College of Architecture')",1256.3
"('College of Business Administration', 'UP School of Archaeology')",1245.2
"('College of Business Administration', 'University of the Philippines, College of Social Sciences and Philosophy')",477.1
"('College of Business Administration', 'UP Institute of Biology')",570.6
"('College of Business Administration', 'University of the Philippines College of Mass Communication')",1024.7
"('College of Business Administration', 'UP Diliman Institute of Civil Engineering (UP-ICE)')",1338.6
"('College of Business Administration', 'Pavilion 1 - Palma Hall')",691.6
"('College of Business Administration', 'Crafts and Interior Design Laboratory')",455.5
"('College of Business Administration', 'UP College of Home Economics Annex Building')",446.9
"('College of Business Administration', 'UP Diliman Electrical and Electronics Engineering Institute')",967.1
"('College of Business Administration', 'University of the Philippines Diliman Institute of Chemistry - Teaching Building')",731.6
"('College of Business Administration', 'University of the Philippines College of Engineering')",460.1
"('College of Business Administration', 'UP College of Music')",1041.4
"('College of Business Administration', 'Department of Chemical Engineering, University of the Philippines Diliman')",1390.1
"('College of Business Administration', 'Computational Science Research Center')",692.8
"('College of Business Administration', 'UP College of Education')",238.9
"('College of Business Administration', 'Department of Mining, Metallurgical and Materials Engineering (UP DMMME)')",1186.2
"('College of Business Administration', 'UP School of Economics')",139.9
"('College of Business Administration', 'Industrial Engineering – Mechanical Engineering Building')",454.1
"('College of Business Administration', 'Alonso Hall')",361.1
"('College of Business Administration', 'National Institute of Geological Sciences')",1079.7
"('College of Business Administration', 'GT-Toyota Asian Center')",436.9
"('College of Business Administration', 'University of the Philippines Center for International Studies')",361.3
"('College of Business Administration', 'UP College of Law')",176.4
"('College of Business Administration', 'National Institute of Molecular Biology and Biotechnology')",638.1
"('College of Business Administration', 'UP Department of Mechanical Engineering')",678.8
"('College of Business Administration', 'UP Marine Science Institute')",980.0
"('College of Business Administration', 'Institute of Mathematics')",1031.5
"('College of Business Administration', 'Institute of Environmental Science and Meteorology')",1028.9
"('College of Business Administration', 'Alfredo V. Lagmay Hall')",322.3
"('College of Business Administration', 'UP Vanguard Building')",1343.7
"('College of Business Administration', 'University of the Philippines-Diliman Department of Sociology')",452.3
"('College of Business Administration', 'Bulwagang Silangang Palma')",329.8
"('College of Business Administration', 'UP School of Statistics New Building')",1020.0
"('College of Business Administration', 'UP Asian Institute Of Tourism')",1842.1
"('National Institute of Physics', 'University of the Philippines College of Architecture')",1026.8
"('National Institute of Physics', 'UP School of Archaeology')",1331.1
"('National Institute of Physics', 'University of the Philippines, College of Social Sciences and Philosophy')",936.6
"('National Institute of Physics', 'UP Institute of Biology')",328.9
"('National Institute of Physics', 'University of the Philippines College of Mass Communication')",1621.6
"('National Institute of Physics', 'UP Diliman Institute of Civil Engineering (UP-ICE)')",1001.1
"('National Institute of Physics', 'Pavilion 1 - Palma Hall')",959.3
"('National Institute of Physics', 'Crafts and Interior Design Laboratory')",885.4
"('National Institute of Physics', 'UP College of Home Economics Annex Building')",356.8
"('National Institute of Physics', 'UP Diliman Electrical and Electronics Engineering Institute')",562.7
"('National Institute of Physics', 'University of the Philippines Diliman Institute of Chemistry - Teaching Building')",50.7
"('National Institute of Physics', 'University of the Philippines College of Engineering')",1217.5
"('National Institute of Physics', 'UP College of Music')",1638.3
"('National Institute of Physics', 'Department of Chemical Engineering, University of the Philippines Diliman')",936.8
"('National Institute of Physics', 'Computational Science Research Center')",261.7
"('National Institute of Physics', 'UP College of Education')",668.8
"('National Institute of Physics', 'Department of Mining, Metallurgical and Materials Engineering (UP DMMME)')",732.9
"('National Institute of Physics', 'UP School of Economics')",922.2
"('National Institute of Physics', 'Industrial Engineering – Mechanical Engineering Building')",1236.5
"('National Institute of Physics', 'Alonso Hall')",482.3
"('National Institute of Physics', 'National Institute of Geological Sciences')",592.6
"('National Institute of Physics', 'GT-Toyota Asian Center')",1182.7
"('National Institute of Physics', 'University of the Philippines Center for International Studies')",820.6
"('National Institute of Physics', 'UP College of Law')",958.8
"('National Institute of Physics', 'National Institute of Molecular Biology and Biotechnology')",242.5
"('National Institute of Physics', 'UP Department of Mechanical Engineering')",1349.7
"('National Institute of Physics', 'UP Marine Science Institute')",638.0
"('National Institute of Physics', 'Institute of Mathematics')",357.8
"('National Institute of Physics', 'Institute of Environmental Science and Meteorology')",541.8
"('National Institute of Physics', 'Alfredo V. Lagmay Hall')",752.3
"('National Institute of Physics', 'UP Vanguard Building')",1937.3
"('National Institute of Physics', 'University of the Philippines-Diliman Department of Sociology')",837.4
"('National Institute of Physics', 'Bulwagang Silangang Palma')",759.7
"('National Institute of Physics', 'UP School of Statistics New Building')",1027.3
"('National Institute of Physics', 'UP Asian Institute Of Tourism')",2390.5
"('University of the Philippines College of Architecture', 'UP School of Archaeology')",319.7
"('University of the Philippines College of Architecture', 'University of the Philippines, College of Social Sciences and Philosophy')",787.6
"('University of the Philippines College of Architecture', 'UP Institute of Biology')",860.7
"('University of the Philippines College of Architecture', 'University of the Philippines College of Mass Communication')",1032.6
"('University of the Philippines College of Architecture', 'UP Diliman Institute of Civil Engineering (UP-ICE)')",424.2
"('University of the Philippines College of Architecture', 'Pavilion 1 - Palma Hall')",712.4
"('University of the Philippines College of Architecture', 'Crafts and Interior Design Laboratory')",867.2
"('University of the Philippines College of Architecture', 'UP College of Home Economics Annex Building')",1005.7
"('University of the Philippines College of Architecture', 'UP Diliman Electrical and Electronics Engineering Institute')",464.1
"('University of the Philippines College of Architecture', 'University of the Philippines Diliman Institute of Chemistry - Teaching Building')",976.1
"('University of the Philippines College of Architecture', 'University of the Philippines College of Engineering')",1047.8
"('University of the Philippines College of Architecture', 'UP College of Music')",1242.4
"('University of the Philippines College of Architecture', 'Department of Chemical Engineering, University of the Philippines Diliman')",572.1
"('University of the Philippines College of Architecture', 'Computational Science Research Center')",848.3
"('University of the Philippines College of Architecture', 'UP College of Education')",1017.4
"('University of the Philippines College of Architecture', 'Department of Mining, Metallurgical and Materials Engineering (UP DMMME)')",673.5
"('University of the Philippines College of Architecture', 'UP School of Economics')",1396.1
"('University of the Philippines College of Architecture', 'Industrial Engineering – Mechanical Engineering Building')",1319.5
"('University of the Philippines College of Architecture', 'Alonso Hall')",1131.2
"('University of the Philippines College of Architecture', 'National Institute of Geological Sciences')",699.3
"('University of the Philippines College of Architecture', 'GT-Toyota Asian Center')",1671.1
"('University of the Philippines College of Architecture', 'University of the Philippines Center for International Studies')",895.9
"('University of the Philippines College of Architecture', 'UP College of Law')",1301.5
"('University of the Philippines College of Architecture', 'National Institute of Molecular Biology and Biotechnology')",861.7
"('University of the Philippines College of Architecture', 'UP Department of Mechanical Engineering')",1090.2
"('University of the Philippines College of Architecture', 'UP Marine Science Institute')",526.8
"('University of the Philippines College of Architecture', 'Institute of Mathematics')",958.3
"('University of the Philippines College of Architecture', 'Institute of Environmental Science and Meteorology')",775.8
"('University of the Philippines College of Architecture', 'Alfredo V. Lagmay Hall')",964.3
"('University of the Philippines College of Architecture', 'UP Vanguard Building')",1198.9
"('University of the Philippines College of Architecture', 'University of the Philippines-Diliman Department of Sociology')",807.2
"('University of the Philippines College of Architecture', 'Bulwagang Silangang Palma')",926.5
"('University of the Philippines College of Architecture', 'UP School of Statistics New Building')",386.5
"('University of the Philippines College of Architecture', 'UP Asian Institute Of Tourism')",1379.1
"('UP School of Archaeology', 'University of the Philippines, College of Social Sciences and Philosophy')",796.4
"('UP School of Archaeology', 'UP Institute of Biology')",1130.0
"('UP School of Archaeology', 'University of the Philippines College of Mass Communication')",788.4
"('UP School of Archaeology', 'UP Diliman Institute of Civil Engineering (UP-ICE)')",728.4
"('UP School of Archaeology', 'Pavilion 1 - Palma Hall')",794.9
"('UP School of Archaeology', 'Crafts and Interior Design Laboratory')",949.7
"('UP School of Archaeology', 'UP College of Home Economics Annex Building')",1275.0
"('UP School of Archaeology', 'UP Diliman Electrical and Electronics Engineering Institute')",768.4
"('UP School of Archaeology', 'University of the Philippines Diliman Institute of Chemistry - Teaching Building')",1280.4
"('UP School of Archaeology', 'University of the Philippines College of Engineering')",1033.5
"('UP School of Archaeology', 'UP College of Music')",998.2
"('UP School of Archaeology', 'Department of Chemical Engineering, University of the Philippines Diliman')",876.4
"('UP School of Archaeology', 'Computational Science Research Center')",1152.6
"('UP School of Archaeology', 'UP College of Education')",1050.6
"('UP School of Archaeology', 'Department of Mining, Metallurgical and Materials Engineering (UP DMMME)')",977.8
"('UP School of Archaeology', 'UP School of Economics')",1385.1
"('UP School of Archaeology', 'Industrial Engineering – Mechanical Engineering Building')",1305.1
"('UP School of Archaeology', 'Alonso Hall')",1292.7
"('UP School of Archaeology', 'National Institute of Geological Sciences')",1003.5
"('UP School of Archaeology', 'GT-Toyota Asian Center')",1656.7
"('UP School of Archaeology', 'University of the Philippines Center for International Studies')",898.7
"('UP School of Archaeology', 'UP College of Law')",1287.1
"('UP School of Archaeology', 'National Institute of Molecular Biology and Biotechnology')",1131.1
"('UP School of Archaeology', 'UP Department of Mechanical Engineering')",1075.8
"('UP School of Archaeology', 'UP Marine Science Institute')",808.7
"('UP School of Archaeology', 'Institute of Mathematics')",1262.5
"('UP School of Archaeology', 'Institute of Environmental Science and Meteorology')",1080.0
"('UP School of Archaeology', 'Alfredo V. Lagmay Hall')",967.1
"('UP School of Archaeology', 'UP Vanguard Building')",954.7
"('UP School of Archaeology', 'University of the Philippines-Diliman Department of Sociology')",889.7
"('UP School of Archaeology', 'Bulwagang Silangang Palma')",1009.0
"('UP School of Archaeology', 'UP School of Statistics New Building')",469.0
"('UP School of Archaeology', 'UP Asian Institute Of Tourism')",1134.9
"('University of the Philippines, College of Social Sciences and Philosophy', 'UP Institute of Biology')",724.8
"('University of the Philippines, College of Social Sciences and Philosophy', 'University of the Philippines College of Mass Communication')",865.1
"('University of the Philippines, College of Social Sciences and Philosophy', 'UP Diliman Institute of Civil Engineering (UP-ICE)')",869.9
"('University of the Philippines, College of Social Sciences and Philosophy', 'Pavilion 1 - Palma Hall')",309.3
"('University of the Philippines, College of Social Sciences and Philosophy', 'Crafts and Interior Design Laboratory')",368.1
"('University of the Philippines, College of Social Sciences and Philosophy', 'UP College of Home Economics Annex Building')",601.1
"('University of the Philippines, College of Social Sciences and Philosophy', 'UP Diliman Electrical and Electronics Engineering Institute')",564.8
"('University of the Philippines, College of Social Sciences and Philosophy', 'University of the Philippines Diliman Institute of Chemistry - Teaching Building')",885.9
"('University of the Philippines, College of Social Sciences and Philosophy', 'University of the Philippines College of Engineering')",436.8
"('University of the Philippines, College of Social Sciences and Philosophy', 'UP College of Music')",881.8
"('University of the Philippines, College of Social Sciences and Philosophy', 'Department of Chemical Engineering, University of the Philippines Diliman')",1017.9
"('University of the Philippines, College of Social Sciences and Philosophy', 'Computational Science Research Center')",800.5
"('University of the Philippines, College of Social Sciences and Philosophy', 'UP College of Education')",267.8
"('University of the Philippines, College of Social Sciences and Philosophy', 'Department of Mining, Metallurgical and Materials Engineering (UP DMMME)')",828.8
"('University of the Philippines, College of Social Sciences and Philosophy', 'UP School of Economics')",617.1
"('University of the Philippines, College of Social Sciences and Philosophy', 'Industrial Engineering – Mechanical Engineering Building')",708.4
"('University of the Philippines, College of Social Sciences and Philosophy', 'Alonso Hall')",515.3
"('University of the Philippines, College of Social Sciences and Philosophy', 'National Institute of Geological Sciences')",800.0
"('University of the Philippines, College of Social Sciences and Philosophy', 'GT-Toyota Asian Center')",914.1
"('University of the Philippines, College of Social Sciences and Philosophy', 'University of the Philippines Center for International Studies')",116.0
"('University of the Philippines, College of Social Sciences and Philosophy', 'UP College of Law')",653.6
"('University of the Philippines, College of Social Sciences and Philosophy', 'National Institute of Molecular Biology and Biotechnology')",773.9
"('University of the Philippines, College of Social Sciences and Philosophy', 'UP Department of Mechanical Engineering')",593.2
"('University of the Philippines, College of Social Sciences and Philosophy', 'UP Marine Science Institute')",511.3
"('University of the Philippines, College of Social Sciences and Philosophy', 'Institute of Mathematics')",1055.9
"('University of the Philippines, College of Social Sciences and Philosophy', 'Institute of Environmental Science and Meteorology')",876.5
"('University of the Philippines, College of Social Sciences and Philosophy', 'Alfredo V. Lagmay Hall')",184.3
"('University of the Philippines, College of Social Sciences and Philosophy', 'UP Vanguard Building')",1180.8
"('University of the Philippines, College of Social Sciences and Philosophy', 'University of the Philippines-Diliman Department of Sociology')",157.3
"('University of the Philippines, College of Social Sciences and Philosophy', 'Bulwagang Silangang Palma')",249.9
"('University of the Philippines, College of Social Sciences and Philosophy', 'UP School of Statistics New Building')",551.3
"('University of the Philippines, College of Social Sciences and Philosophy', 'UP Asian Institute Of Tourism')",1674.2
"('UP Institute of Biology', 'University of the Philippines College of Mass Communication')",1405.6
"('UP Institute of Biology', 'UP Diliman Institute of Civil Engineering (UP-ICE)')",835.0
"('UP Institute of Biology', 'Pavilion 1 - Palma Hall')",743.3
"('UP Institute of Biology', 'Crafts and Interior Design Laboratory')",673.6
"('UP Institute of Biology', 'UP College of Home Economics Annex Building')",145.0
"('UP Institute of Biology', 'UP Diliman Electrical and Electronics Engineering Institute')",396.5
"('UP Institute of Biology', 'University of the Philippines Diliman Institute of Chemistry - Teaching Building')",278.2
"('UP Institute of Biology', 'University of the Philippines College of Engineering')",1005.7
"('UP Institute of Biology', 'UP College of Music')",1422.3
"('UP Institute of Biology', 'Department of Chemical Engineering, University of the Philippines Diliman')",819.5
"('UP Institute of Biology', 'Computational Science Research Center')",150.5
"('UP Institute of Biology', 'UP College of Education')",457.0
"('UP Institute of Biology', 'Department of Mining, Metallurgical and Materials Engineering (UP DMMME)')",615.6
"('UP Institute of Biology', 'UP School of Economics')",710.4
"('UP Institute of Biology', 'Industrial Engineering – Mechanical Engineering Building')",1024.6
"('UP Institute of Biology', 'Alonso Hall')",270.5
"('UP Institute of Biology', 'National Institute of Geological Sciences')",509.2
"('UP Institute of Biology', 'GT-Toyota Asian Center')",1007.4
"('UP Institute of Biology', 'University of the Philippines Center for International Studies')",608.8
"('UP Institute of Biology', 'UP College of Law')",747.0
"('UP Institute of Biology', 'National Institute of Molecular Biology and Biotechnology')",86.4
"('UP Institute of Biology', 'UP Department of Mechanical Engineering')",1133.7
"('UP Institute of Biology', 'UP Marine Science Institute')",471.8
"('UP Institute of Biology', 'Institute of Mathematics')",460.9
"('UP Institute of Biology', 'Institute of Environmental Science and Meteorology')",458.3
"('UP Institute of Biology', 'Alfredo V. Lagmay Hall')",540.5
"('UP Institute of Biology', 'UP Vanguard Building')",1721.3
"('UP Institute of Biology', 'University of the Philippines-Diliman Department of Sociology')",621.4
"('UP Institute of Biology', 'Bulwagang Silangang Palma')",547.9
"('UP Institute of Biology', 'UP School of Statistics New Building')",811.2
"('UP Institute of Biology', 'UP Asian Institute Of Tourism')",2189.4
"('University of the Philippines College of Mass Communication', 'UP Diliman Institute of Civil Engineering (UP-ICE)')",1441.4
"('University of the Philippines College of Mass Communication', 'Pavilion 1 - Palma Hall')",913.2
"('University of the Philippines College of Mass Communication', 'Crafts and Interior Design Laboratory')",1222.8
"('University of the Philippines College of Mass Communication', 'UP College of Home Economics Annex Building')",1446.1
"('University of the Philippines College of Mass Communication', 'UP Diliman Electrical and Electronics Engineering Institute')",1151.9
"('University of the Philippines College of Mass Communication', 'University of the Philippines Diliman Institute of Chemistry - Teaching Building')",1570.9
"('University of the Philippines College of Mass Communication', 'University of the Philippines College of Engineering')",613.9
"('University of the Philippines College of Mass Communication', 'UP College of Music')",297.5
"('University of the Philippines College of Mass Communication', 'Department of Chemical Engineering, University of the Philippines Diliman')",1589.3
"('University of the Philippines College of Mass Communication', 'Computational Science Research Center')",1433.3
"('University of the Philippines College of Mass Communication', 'UP College of Education')",1119.3
"('University of the Philippines College of Mass Communication', 'Department of Mining, Metallurgical and Materials Engineering (UP DMMME)')",1415.9
"('University of the Philippines College of Mass Communication', 'UP School of Economics')",982.9
"('University of the Philippines College of Mass Communication', 'Industrial Engineering – Mechanical Engineering Building')",830.0
"('University of the Philippines College of Mass Communication', 'Alonso Hall')",1360.3
"('University of the Philippines College of Mass Communication', 'National Institute of Geological Sciences')",1387.0
"('University of the Philippines College of Mass Communication', 'GT-Toyota Asian Center')",1237.2
"('University of the Philippines College of Mass Communication', 'University of the Philippines Center for International Studies')",967.4
"('University of the Philippines College of Mass Communication', 'UP College of Law')",867.6
"('University of the Philippines College of Mass Communication', 'National Institute of Molecular Biology and Biotechnology')",1406.7
"('University of the Philippines College of Mass Communication', 'UP Department of Mechanical Engineering')",597.7
"('University of the Philippines College of Mass Communication', 'UP Marine Science Institute')",1098.4
"('University of the Philippines College of Mass Communication', 'Institute of Mathematics')",1646.1
"('University of the Philippines College of Mass Communication', 'Institute of Environmental Science and Meteorology')",1463.5
"('University of the Philippines College of Mass Communication', 'Alfredo V. Lagmay Hall')",1035.8
"('University of the Philippines College of Mass Communication', 'UP Vanguard Building')",384.1
"('University of the Philippines College of Mass Communication', 'University of the Philippines-Diliman Department of Sociology')",1008.7
"('University of the Philippines College of Mass Communication', 'Bulwagang Silangang Palma')",1101.4
"('University of the Philippines College of Mass Communication', 'UP School of Statistics New Building')",1138.4
"('University of the Philippines College of Mass Communication', 'UP Asian Institute Of Tourism')",882.4
"('UP Diliman Institute of Civil Engineering (UP-ICE)', 'Pavilion 1 - Palma Hall')",794.7
"('UP Diliman Institute of Civil Engineering (UP-ICE)', 'Crafts and Interior Design Laboratory')",949.5
"('UP Diliman Institute of Civil Engineering (UP-ICE)', 'UP College of Home Economics Annex Building')",980.0
"('UP Diliman Institute of Civil Engineering (UP-ICE)', 'UP Diliman Electrical and Electronics Engineering Institute')",467.1
"('UP Diliman Institute of Civil Engineering (UP-ICE)', 'University of the Philippines Diliman Institute of Chemistry - Teaching Building')",950.4
"('UP Diliman Institute of Civil Engineering (UP-ICE)', 'University of the Philippines College of Engineering')",1135.3
"('UP Diliman Institute of Civil Engineering (UP-ICE)', 'UP College of Music')",1473.7
"('UP Diliman Institute of Civil Engineering (UP-ICE)', 'Department of Chemical Engineering, University of the Philippines Diliman')",150.5
"('UP Diliman Institute of Civil Engineering (UP-ICE)', 'Computational Science Research Center')",822.6
"('UP Diliman Institute of Civil Engineering (UP-ICE)', 'UP College of Education')",1099.7
"('UP Diliman Institute of Civil Engineering (UP-ICE)', 'Department of Mining, Metallurgical and Materials Engineering (UP DMMME)')",361.5
"('UP Diliman Institute of Civil Engineering (UP-ICE)', 'UP School of Economics')",1478.4
"('UP Diliman Institute of Civil Engineering (UP-ICE)', 'Industrial Engineering – Mechanical Engineering Building')",1406.9
"('UP Diliman Institute of Civil Engineering (UP-ICE)', 'Alonso Hall')",1105.4
"('UP Diliman Institute of Civil Engineering (UP-ICE)', 'National Institute of Geological Sciences')",509.4
"('UP Diliman Institute of Civil Engineering (UP-ICE)', 'GT-Toyota Asian Center')",1757.7
"('UP Diliman Institute of Civil Engineering (UP-ICE)', 'University of the Philippines Center for International Studies')",978.2
"('UP Diliman Institute of Civil Engineering (UP-ICE)', 'UP College of Law')",1388.0
"('UP Diliman Institute of Civil Engineering (UP-ICE)', 'National Institute of Molecular Biology and Biotechnology')",836.0
"('UP Diliman Institute of Civil Engineering (UP-ICE)', 'UP Department of Mechanical Engineering')",1185.1
"('UP Diliman Institute of Civil Engineering (UP-ICE)', 'UP Marine Science Institute')",529.7
"('UP Diliman Institute of Civil Engineering (UP-ICE)', 'Institute of Mathematics')",768.4
"('UP Diliman Institute of Civil Engineering (UP-ICE)', 'Institute of Environmental Science and Meteorology')",585.9
"('UP Diliman Institute of Civil Engineering (UP-ICE)', 'Alfredo V. Lagmay Hall')",1046.6
"('UP Diliman Institute of Civil Engineering (UP-ICE)', 'UP Vanguard Building')",1607.7
"('UP Diliman Institute of Civil Engineering (UP-ICE)', 'University of the Philippines-Diliman Department of Sociology')",889.5
"('UP Diliman Institute of Civil Engineering (UP-ICE)', 'Bulwagang Silangang Palma')",1008.8
"('UP Diliman Institute of Civil Engineering (UP-ICE)', 'UP School of Statistics New Building')",468.8
"('UP Diliman Institute of Civil Engineering (UP-ICE)', 'UP Asian Institute Of Tourism')",1787.8
"('Pavilion 1 - Palma Hall', 'Crafts and Interior Design Laboratory')",450.0
"('Pavilion 1 - Palma Hall', 'UP College of Home Economics Annex Building')",815.6
"('Pavilion 1 - Palma Hall', 'UP Diliman Electrical and Electronics Engineering Institute')",489.6
"('Pavilion 1 - Palma Hall', 'University of the Philippines Diliman Institute of Chemistry - Teaching Building')",908.6
"('Pavilion 1 - Palma Hall', 'University of the Philippines College of Engineering')",591.5
"('Pavilion 1 - Palma Hall', 'UP College of Music')",929.9
"('Pavilion 1 - Palma Hall', 'Department of Chemical Engineering, University of the Philippines Diliman')",942.6
"('Pavilion 1 - Palma Hall', 'Computational Science Research Center')",770.9
"('Pavilion 1 - Palma Hall', 'UP College of Education')",482.3
"('Pavilion 1 - Palma Hall', 'Department of Mining, Metallurgical and Materials Engineering (UP DMMME)')",753.6
"('Pavilion 1 - Palma Hall', 'UP School of Economics')",831.6
"('Pavilion 1 - Palma Hall', 'Industrial Engineering – Mechanical Engineering Building')",863.1
"('Pavilion 1 - Palma Hall', 'Alonso Hall')",729.9
"('Pavilion 1 - Palma Hall', 'National Institute of Geological Sciences')",724.7
"('Pavilion 1 - Palma Hall', 'GT-Toyota Asian Center')",1128.6
"('Pavilion 1 - Palma Hall', 'University of the Philippines Center for International Studies')",330.5
"('Pavilion 1 - Palma Hall', 'UP College of Law')",844.3
"('Pavilion 1 - Palma Hall', 'National Institute of Molecular Biology and Biotechnology')",744.3
"('Pavilion 1 - Palma Hall', 'UP Department of Mechanical Engineering')",641.3
"('Pavilion 1 - Palma Hall', 'UP Marine Science Institute')",436.1
"('Pavilion 1 - Palma Hall', 'Institute of Mathematics')",983.7
"('Pavilion 1 - Palma Hall', 'Institute of Environmental Science and Meteorology')",801.2
"('Pavilion 1 - Palma Hall', 'Alfredo V. Lagmay Hall')",398.9
"('Pavilion 1 - Palma Hall', 'UP Vanguard Building')",1228.9
"('Pavilion 1 - Palma Hall', 'University of the Philippines-Diliman Department of Sociology')",240.0
"('Pavilion 1 - Palma Hall', 'Bulwagang Silangang Palma')",464.4
"('Pavilion 1 - Palma Hall', 'UP School of Statistics New Building')",476.1
"('Pavilion 1 - Palma Hall', 'UP Asian Institute Of Tourism')",1722.2
"('Crafts and Interior Design Laboratory', 'UP College of Home Economics Annex Building')",549.9
"('Crafts and Interior Design Laboratory', 'UP Diliman Electrical and Electronics Engineering Institute')",644.4
"('Crafts and Interior Design Laboratory', 'University of the Philippines Diliman Institute of Chemistry - Teaching Building')",834.6
"('Crafts and Interior Design Laboratory', 'University of the Philippines College of Engineering')",661.3
"('Crafts and Interior Design Laboratory', 'UP College of Music')",1239.4
"('Crafts and Interior Design Laboratory', 'Department of Chemical Engineering, University of the Philippines Diliman')",1097.4
"('Crafts and Interior Design Laboratory', 'Computational Science Research Center')",709.0
"('Crafts and Interior Design Laboratory', 'UP College of Education')",216.6
"('Crafts and Interior Design Laboratory', 'Department of Mining, Metallurgical and Materials Engineering (UP DMMME)')",908.3
"('Crafts and Interior Design Laboratory', 'UP School of Economics')",595.3
"('Crafts and Interior Design Laboratory', 'Industrial Engineering – Mechanical Engineering Building')",909.5
"('Crafts and Interior Design Laboratory', 'Alonso Hall')",464.1
"('Crafts and Interior Design Laboratory', 'National Institute of Geological Sciences')",879.5
"('Crafts and Interior Design Laboratory', 'GT-Toyota Asian Center')",892.3
"('Crafts and Interior Design Laboratory', 'University of the Philippines Center for International Studies')",259.6
"('Crafts and Interior Design Laboratory', 'UP College of Law')",631.9
"('Crafts and Interior Design Laboratory', 'National Institute of Molecular Biology and Biotechnology')",682.4
"('Crafts and Interior Design Laboratory', 'UP Department of Mechanical Engineering')",950.8
"('Crafts and Interior Design Laboratory', 'UP Marine Science Institute')",590.9
"('Crafts and Interior Design Laboratory', 'Institute of Mathematics')",964.3
"('Crafts and Interior Design Laboratory', 'Institute of Environmental Science and Meteorology')",956.0
"('Crafts and Interior Design Laboratory', 'Alfredo V. Lagmay Hall')",191.2
"('Crafts and Interior Design Laboratory', 'UP Vanguard Building')",1538.5
"('Crafts and Interior Design Laboratory', 'University of the Philippines-Diliman Department of Sociology')",216.6
"('Crafts and Interior Design Laboratory', 'Bulwagang Silangang Palma')",125.6
"('Crafts and Interior Design Laboratory', 'UP School of Statistics New Building')",630.9
"('Crafts and Interior Design Laboratory', 'UP Asian Institute Of Tourism')",2009.1
"('UP College of Home Economics Annex Building', 'UP Diliman Electrical and Electronics Engineering Institute')",541.6
"('UP College of Home Economics Annex Building', 'University of the Philippines Diliman Institute of Chemistry - Teaching Building')",306.1
"('UP College of Home Economics Annex Building', 'University of the Philippines College of Engineering')",882.0
"('UP College of Home Economics Annex Building', 'UP College of Music')",1462.8
"('UP College of Home Economics Annex Building', 'Department of Chemical Engineering, University of the Philippines Diliman')",964.5
"('UP College of Home Economics Annex Building', 'Computational Science Research Center')",267.2
"('UP College of Home Economics Annex Building', 'UP College of Education')",333.3
"('UP College of Home Economics Annex Building', 'Department of Mining, Metallurgical and Materials Engineering (UP DMMME)')",760.6
"('UP College of Home Economics Annex Building', 'UP School of Economics')",586.8
"('UP College of Home Economics Annex Building', 'Industrial Engineering – Mechanical Engineering Building')",901.0
"('UP College of Home Economics Annex Building', 'Alonso Hall')",146.8
"('UP College of Home Economics Annex Building', 'National Institute of Geological Sciences')",654.2
"('UP College of Home Economics Annex Building', 'GT-Toyota Asian Center')",883.7
"('UP College of Home Economics Annex Building', 'University of the Philippines Center for International Studies')",485.1
"('UP College of Home Economics Annex Building', 'UP College of Law')",623.3
"('UP College of Home Economics Annex Building', 'National Institute of Molecular Biology and Biotechnology')",212.6
"('UP College of Home Economics Annex Building', 'UP Department of Mechanical Engineering')",1125.7
"('UP College of Home Economics Annex Building', 'UP Marine Science Institute')",616.8
"('UP College of Home Economics Annex Building', 'Institute of Mathematics')",605.9
"('UP College of Home Economics Annex Building', 'Institute of Environmental Science and Meteorology')",603.3
"('UP College of Home Economics Annex Building', 'Alfredo V. Lagmay Hall')",416.8
"('UP College of Home Economics Annex Building', 'UP Vanguard Building')",1761.8
"('UP College of Home Economics Annex Building', 'University of the Philippines-Diliman Department of Sociology')",576.4
"('UP College of Home Economics Annex Building', 'Bulwagang Silangang Palma')",424.2
"('UP College of Home Economics Annex Building', 'UP School of Statistics New Building')",956.2
"('UP College of Home Economics Annex Building', 'UP Asian Institute Of Tourism')",2256.2
"('UP Diliman Electrical and Electronics Engineering Institute', 'University of the Philippines Diliman Institute of Chemistry - Teaching Building')",512.0
"('UP Diliman Electrical and Electronics Engineering Institute', 'University of the Philippines College of Engineering')",830.2
"('UP Diliman Electrical and Electronics Engineering Institute', 'UP College of Music')",1168.6
"('UP Diliman Electrical and Electronics Engineering Institute', 'Department of Chemical Engineering, University of the Philippines Diliman')",467.9
"('UP Diliman Electrical and Electronics Engineering Institute', 'Computational Science Research Center')",384.2
"('UP Diliman Electrical and Electronics Engineering Institute', 'UP College of Education')",794.6
"('UP Diliman Electrical and Electronics Engineering Institute', 'Department of Mining, Metallurgical and Materials Engineering (UP DMMME)')",264.0
"('UP Diliman Electrical and Electronics Engineering Institute', 'UP School of Economics')",1107.0
"('UP Diliman Electrical and Electronics Engineering Institute', 'Industrial Engineering – Mechanical Engineering Building')",1101.8
"('UP Diliman Electrical and Electronics Engineering Institute', 'Alonso Hall')",667.0
"('UP Diliman Electrical and Electronics Engineering Institute', 'National Institute of Geological Sciences')",235.1
"('UP Diliman Electrical and Electronics Engineering Institute', 'GT-Toyota Asian Center')",1404.0
"('UP Diliman Electrical and Electronics Engineering Institute', 'University of the Philippines Center for International Studies')",673.1
"('UP Diliman Electrical and Electronics Engineering Institute', 'UP College of Law')",1083.0
"('UP Diliman Electrical and Electronics Engineering Institute', 'National Institute of Molecular Biology and Biotechnology')",397.6
"('UP Diliman Electrical and Electronics Engineering Institute', 'UP Department of Mechanical Engineering')",880.0
"('UP Diliman Electrical and Electronics Engineering Institute', 'UP Marine Science Institute')",150.2
"('UP Diliman Electrical and Electronics Engineering Institute', 'Institute of Mathematics')",494.2
"('UP Diliman Electrical and Electronics Engineering Institute', 'Institute of Environmental Science and Meteorology')",311.6
"('UP Diliman Electrical and Electronics Engineering Institute', 'Alfredo V. Lagmay Hall')",741.5
"('UP Diliman Electrical and Electronics Engineering Institute', 'UP Vanguard Building')",1467.6
"('UP Diliman Electrical and Electronics Engineering Institute', 'University of the Philippines-Diliman Department of Sociology')",584.4
"('UP Diliman Electrical and Electronics Engineering Institute', 'Bulwagang Silangang Palma')",703.7
"('UP Diliman Electrical and Electronics Engineering Institute', 'UP School of Statistics New Building')",475.6
"('UP Diliman Electrical and Electronics Engineering Institute', 'UP Asian Institute Of Tourism')",1827.8
"('University of the Philippines Diliman Institute of Chemistry - Teaching Building', 'University of the Philippines College of Engineering')",1166.7
"('University of the Philippines Diliman Institute of Chemistry - Teaching Building', 'UP College of Music')",1587.6
"('University of the Philippines Diliman Institute of Chemistry - Teaching Building', 'Department of Chemical Engineering, University of the Philippines Diliman')",886.1
"('University of the Philippines Diliman Institute of Chemistry - Teaching Building', 'Computational Science Research Center')",210.9
"('University of the Philippines Diliman Institute of Chemistry - Teaching Building', 'UP College of Education')",618.1
"('University of the Philippines Diliman Institute of Chemistry - Teaching Building', 'Department of Mining, Metallurgical and Materials Engineering (UP DMMME)')",682.2
"('University of the Philippines Diliman Institute of Chemistry - Teaching Building', 'UP School of Economics')",871.5
"('University of the Philippines Diliman Institute of Chemistry - Teaching Building', 'Industrial Engineering – Mechanical Engineering Building')",1185.7
"('University of the Philippines Diliman Institute of Chemistry - Teaching Building', 'Alonso Hall')",431.5
"('University of the Philippines Diliman Institute of Chemistry - Teaching Building', 'National Institute of Geological Sciences')",541.9
"('University of the Philippines Diliman Institute of Chemistry - Teaching Building', 'GT-Toyota Asian Center')",1154.6
"('University of the Philippines Diliman Institute of Chemistry - Teaching Building', 'University of the Philippines Center for International Studies')",769.9
"('University of the Philippines Diliman Institute of Chemistry - Teaching Building', 'UP College of Law')",908.0
"('University of the Philippines Diliman Institute of Chemistry - Teaching Building', 'National Institute of Molecular Biology and Biotechnology')",191.8
"('University of the Philippines Diliman Institute of Chemistry - Teaching Building', 'UP Department of Mechanical Engineering')",1298.9
"('University of the Philippines Diliman Institute of Chemistry - Teaching Building', 'UP Marine Science Institute')",587.2
"('University of the Philippines Diliman Institute of Chemistry - Teaching Building', 'Institute of Mathematics')",387.8
"('University of the Philippines Diliman Institute of Chemistry - Teaching Building', 'Institute of Environmental Science and Meteorology')",491.0
"('University of the Philippines Diliman Institute of Chemistry - Teaching Building', 'Alfredo V. Lagmay Hall')",701.5
"('University of the Philippines Diliman Institute of Chemistry - Teaching Building', 'UP Vanguard Building')",1886.6
"('University of the Philippines Diliman Institute of Chemistry - Teaching Building', 'University of the Philippines-Diliman Department of Sociology')",786.7
"('University of the Philippines Diliman Institute of Chemistry - Teaching Building', 'Bulwagang Silangang Palma')",709.0
"('University of the Philippines Diliman Institute of Chemistry - Teaching Building', 'UP School of Statistics New Building')",976.5
"('University of the Philippines Diliman Institute of Chemistry - Teaching Building', 'UP Asian Institute Of Tourism')",2339.8
"('University of the Philippines College of Engineering', 'UP College of Music')",630.6
"('University of the Philippines College of Engineering', 'Department of Chemical Engineering, University of the Philippines Diliman')",1283.2
"('University of the Philippines College of Engineering', 'Computational Science Research Center')",1093.7
"('University of the Philippines College of Engineering', 'UP College of Education')",555.0
"('University of the Philippines College of Engineering', 'Department of Mining, Metallurgical and Materials Engineering (UP DMMME)')",1094.1
"('University of the Philippines College of Engineering', 'UP School of Economics')",418.3
"('University of the Philippines College of Engineering', 'Industrial Engineering – Mechanical Engineering Building')",321.0
"('University of the Philippines College of Engineering', 'Alonso Hall')",796.2
"('University of the Philippines College of Engineering', 'National Institute of Geological Sciences')",1065.3
"('University of the Philippines College of Engineering', 'GT-Toyota Asian Center')",672.6
"('University of the Philippines College of Engineering', 'University of the Philippines Center for International Studies')",403.4
"('University of the Philippines College of Engineering', 'UP College of Law')",303.0
"('University of the Philippines College of Engineering', 'National Institute of Molecular Biology and Biotechnology')",1067.1
"('University of the Philippines College of Engineering', 'UP Department of Mechanical Engineering')",342.1
"('University of the Philippines College of Engineering', 'UP Marine Science Institute')",776.7
"('University of the Philippines College of Engineering', 'Institute of Mathematics')",1324.3
"('University of the Philippines College of Engineering', 'Institute of Environmental Science and Meteorology')",1141.8
"('University of the Philippines College of Engineering', 'Alfredo V. Lagmay Hall')",471.5
"('University of the Philippines College of Engineering', 'UP Vanguard Building')",929.6
"('University of the Philippines College of Engineering', 'University of the Philippines-Diliman Department of Sociology')",444.7
"('University of the Philippines College of Engineering', 'Bulwagang Silangang Palma')",537.1
"('University of the Philippines College of Engineering', 'UP School of Statistics New Building')",816.7
"('University of the Philippines College of Engineering', 'UP Asian Institute Of Tourism')",1428.0
"('UP College of Music', 'Department of Chemical Engineering, University of the Philippines Diliman')",1621.6
"('UP College of Music', 'Computational Science Research Center')",1449.9
"('UP College of Music', 'UP College of Education')",1135.9
"('UP College of Music', 'Department of Mining, Metallurgical and Materials Engineering (UP DMMME)')",1432.6
"('UP College of Music', 'UP School of Economics')",999.5
"('UP College of Music', 'Industrial Engineering – Mechanical Engineering Building')",640.2
"('UP College of Music', 'Alonso Hall')",1377.0
"('UP College of Music', 'National Institute of Geological Sciences')",1403.7
"('UP College of Music', 'GT-Toyota Asian Center')",1090.8
"('UP College of Music', 'University of the Philippines Center for International Studies')",984.1
"('UP College of Music', 'UP College of Law')",884.3
"('UP College of Music', 'National Institute of Molecular Biology and Biotechnology')",1423.3
"('UP College of Music', 'UP Department of Mechanical Engineering')",407.9
"('UP College of Music', 'UP Marine Science Institute')",1115.1
"('UP College of Music', 'Institute of Mathematics')",1662.7
"('UP College of Music', 'Institute of Environmental Science and Meteorology')",1480.2
"('UP College of Music', 'Alfredo V. Lagmay Hall')",1052.5
"('UP College of Music', 'UP Vanguard Building')",400.9
"('UP College of Music', 'University of the Philippines-Diliman Department of Sociology')",1025.4
"('UP College of Music', 'Bulwagang Silangang Palma')",1118.0
"('UP College of Music', 'UP School of Statistics New Building')",1155.1
"('UP College of Music', 'UP Asian Institute Of Tourism')",899.2
"('Department of Chemical Engineering, University of the Philippines Diliman', 'Computational Science Research Center')",807.2
"('Department of Chemical Engineering, University of the Philippines Diliman', 'UP College of Education')",1247.6
"('Department of Chemical Engineering, University of the Philippines Diliman', 'Department of Mining, Metallurgical and Materials Engineering (UP DMMME)')",268.1
"('Department of Chemical Engineering, University of the Philippines Diliman', 'UP School of Economics')",1529.9
"('Department of Chemical Engineering, University of the Philippines Diliman', 'Industrial Engineering – Mechanical Engineering Building')",1554.8
"('Department of Chemical Engineering, University of the Philippines Diliman', 'Alonso Hall')",1090.0
"('Department of Chemical Engineering, University of the Philippines Diliman', 'National Institute of Geological Sciences')",392.1
"('Department of Chemical Engineering, University of the Philippines Diliman', 'GT-Toyota Asian Center')",1826.9
"('Department of Chemical Engineering, University of the Philippines Diliman', 'University of the Philippines Center for International Studies')",1126.1
"('Department of Chemical Engineering, University of the Philippines Diliman', 'UP College of Law')",1536.0
"('Department of Chemical Engineering, University of the Philippines Diliman', 'National Institute of Molecular Biology and Biotechnology')",820.6
"('Department of Chemical Engineering, University of the Philippines Diliman', 'UP Department of Mechanical Engineering')",1333.0
"('Department of Chemical Engineering, University of the Philippines Diliman', 'UP Marine Science Institute')",589.7
"('Department of Chemical Engineering, University of the Philippines Diliman', 'Institute of Mathematics')",657.5
"('Department of Chemical Engineering, University of the Philippines Diliman', 'Institute of Environmental Science and Meteorology')",468.6
"('Department of Chemical Engineering, University of the Philippines Diliman', 'Alfredo V. Lagmay Hall')",1194.5
"('Department of Chemical Engineering, University of the Philippines Diliman', 'UP Vanguard Building')",1755.6
"('Department of Chemical Engineering, University of the Philippines Diliman', 'University of the Philippines-Diliman Department of Sociology')",1037.5
"('Department of Chemical Engineering, University of the Philippines Diliman', 'Bulwagang Silangang Palma')",1156.7
"('Department of Chemical Engineering, University of the Philippines Diliman', 'UP School of Statistics New Building')",616.7
"('Department of Chemical Engineering, University of the Philippines Diliman', 'UP Asian Institute Of Tourism')",1935.8
"('Computational Science Research Center', 'UP College of Education')",579.2
"('Computational Science Research Center', 'Department of Mining, Metallurgical and Materials Engineering (UP DMMME)')",603.3
"('Computational Science Research Center', 'UP School of Economics')",832.6
"('Computational Science Research Center', 'Industrial Engineering – Mechanical Engineering Building')",1146.9
"('Computational Science Research Center', 'Alonso Hall')",392.7
"('Computational Science Research Center', 'National Institute of Geological Sciences')",496.8
"('Computational Science Research Center', 'GT-Toyota Asian Center')",1129.6
"('Computational Science Research Center', 'University of the Philippines Center for International Studies')",731.0
"('Computational Science Research Center', 'UP College of Law')",869.2
"('Computational Science Research Center', 'National Institute of Molecular Biology and Biotechnology')",151.6
"('Computational Science Research Center', 'UP Department of Mechanical Engineering')",1161.3
"('Computational Science Research Center', 'UP Marine Science Institute')",459.5
"('Computational Science Research Center', 'Institute of Mathematics')",448.6
"('Computational Science Research Center', 'Institute of Environmental Science and Meteorology')",446.0
"('Computational Science Research Center', 'Alfredo V. Lagmay Hall')",662.7
"('Computational Science Research Center', 'UP Vanguard Building')",1749.0
"('Computational Science Research Center', 'University of the Philippines-Diliman Department of Sociology')",649.0
"('Computational Science Research Center', 'Bulwagang Silangang Palma')",670.1
"('Computational Science Research Center', 'UP School of Statistics New Building')",838.9
"('Computational Science Research Center', 'UP Asian Institute Of Tourism')",2212.0
"('UP College of Education', 'Department of Mining, Metallurgical and Materials Engineering (UP DMMME)')",1058.6
"('UP College of Education', 'UP School of Economics')",378.8
"('UP College of Education', 'Industrial Engineering – Mechanical Engineering Building')",693.0
"('UP College of Education', 'Alonso Hall')",247.5
"('UP College of Education', 'National Institute of Geological Sciences')",966.2
"('UP College of Education', 'GT-Toyota Asian Center')",675.7
"('UP College of Education', 'University of the Philippines Center for International Studies')",151.8
"('UP College of Education', 'UP College of Law')",415.3
"('UP College of Education', 'National Institute of Molecular Biology and Biotechnology')",524.6
"('UP College of Education', 'UP Department of Mechanical Engineering')",847.8
"('UP College of Education', 'UP Marine Science Institute')",741.1
"('UP College of Education', 'Institute of Mathematics')",917.9
"('UP College of Education', 'Institute of Environmental Science and Meteorology')",915.3
"('UP College of Education', 'Alfredo V. Lagmay Hall')",83.5
"('UP College of Education', 'UP Vanguard Building')",1435.0
"('UP College of Education', 'University of the Philippines-Diliman Department of Sociology')",243.1
"('UP College of Education', 'Bulwagang Silangang Palma')",90.9
"('UP College of Education', 'UP School of Statistics New Building')",781.1
"('UP College of Education', 'UP Asian Institute Of Tourism')",1928.3
"('Department of Mining, Metallurgical and Materials Engineering (UP DMMME)', 'UP School of Economics')",1326.0
"('Department of Mining, Metallurgical and Materials Engineering (UP DMMME)', 'Industrial Engineering – Mechanical Engineering Building')",1365.8
"('Department of Mining, Metallurgical and Materials Engineering (UP DMMME)', 'Alonso Hall')",886.1
"('Department of Mining, Metallurgical and Materials Engineering (UP DMMME)', 'National Institute of Geological Sciences')",188.2
"('Department of Mining, Metallurgical and Materials Engineering (UP DMMME)', 'GT-Toyota Asian Center')",1623.0
"('Department of Mining, Metallurgical and Materials Engineering (UP DMMME)', 'University of the Philippines Center for International Studies')",937.1
"('Department of Mining, Metallurgical and Materials Engineering (UP DMMME)', 'UP College of Law')",1346.9
"('Department of Mining, Metallurgical and Materials Engineering (UP DMMME)', 'National Institute of Molecular Biology and Biotechnology')",616.7
"('Department of Mining, Metallurgical and Materials Engineering (UP DMMME)', 'UP Department of Mechanical Engineering')",1143.9
"('Department of Mining, Metallurgical and Materials Engineering (UP DMMME)', 'UP Marine Science Institute')",385.8
"('Department of Mining, Metallurgical and Materials Engineering (UP DMMME)', 'Institute of Mathematics')",453.6
"('Department of Mining, Metallurgical and Materials Engineering (UP DMMME)', 'Institute of Environmental Science and Meteorology')",264.7
"('Department of Mining, Metallurgical and Materials Engineering (UP DMMME)', 'Alfredo V. Lagmay Hall')",1005.4
"('Department of Mining, Metallurgical and Materials Engineering (UP DMMME)', 'UP Vanguard Building')",1731.6
"('Department of Mining, Metallurgical and Materials Engineering (UP DMMME)', 'University of the Philippines-Diliman Department of Sociology')",848.4
"('Department of Mining, Metallurgical and Materials Engineering (UP DMMME)', 'Bulwagang Silangang Palma')",967.6
"('Department of Mining, Metallurgical and Materials Engineering (UP DMMME)', 'UP School of Statistics New Building')",718.1
"('Department of Mining, Metallurgical and Materials Engineering (UP DMMME)', 'UP Asian Institute Of Tourism')",2037.2
"('UP School of Economics', 'Industrial Engineering – Mechanical Engineering Building')",412.3
"('UP School of Economics', 'Alonso Hall')",501.0
"('UP School of Economics', 'National Institute of Geological Sciences')",1219.6
"('UP School of Economics', 'GT-Toyota Asian Center')",395.0
"('UP School of Economics', 'University of the Philippines Center for International Studies')",501.1
"('UP School of Economics', 'UP College of Law')",134.6
"('UP School of Economics', 'National Institute of Molecular Biology and Biotechnology')",778.0
"('UP School of Economics', 'UP Department of Mechanical Engineering')",637.0
"('UP School of Economics', 'UP Marine Science Institute')",1119.8
"('UP School of Economics', 'Institute of Mathematics')",1171.3
"('UP School of Economics', 'Institute of Environmental Science and Meteorology')",1168.7
"('UP School of Economics', 'Alfredo V. Lagmay Hall')",462.1
"('UP School of Economics', 'UP Vanguard Building')",1301.9
"('UP School of Economics', 'University of the Philippines-Diliman Department of Sociology')",592.4
"('UP School of Economics', 'Bulwagang Silangang Palma')",469.7
"('UP School of Economics', 'UP School of Statistics New Building')",1159.9
"('UP School of Economics', 'UP Asian Institute Of Tourism')",1800.2
"('Industrial Engineering – Mechanical Engineering Building', 'Alonso Hall')",815.2
"('Industrial Engineering – Mechanical Engineering Building', 'National Institute of Geological Sciences')",1336.9
"('Industrial Engineering – Mechanical Engineering Building', 'GT-Toyota Asian Center')",458.2
"('Industrial Engineering – Mechanical Engineering Building', 'University of the Philippines Center for International Studies')",675.0
"('Industrial Engineering – Mechanical Engineering Building', 'UP College of Law')",301.2
"('Industrial Engineering – Mechanical Engineering Building', 'National Institute of Molecular Biology and Biotechnology')",1092.2
"('Industrial Engineering – Mechanical Engineering Building', 'UP Department of Mechanical Engineering')",232.3
"('Industrial Engineering – Mechanical Engineering Building', 'UP Marine Science Institute')",1048.3
"('Industrial Engineering – Mechanical Engineering Building', 'Institute of Mathematics')",1485.6
"('Industrial Engineering – Mechanical Engineering Building', 'Institute of Environmental Science and Meteorology')",1413.4
"('Industrial Engineering – Mechanical Engineering Building', 'Alfredo V. Lagmay Hall')",743.2
"('Industrial Engineering – Mechanical Engineering Building', 'UP Vanguard Building')",897.2
"('Industrial Engineering – Mechanical Engineering Building', 'University of the Philippines-Diliman Department of Sociology')",716.3
"('Industrial Engineering – Mechanical Engineering Building', 'Bulwagang Silangang Palma')",783.9
"('Industrial Engineering – Mechanical Engineering Building', 'UP School of Statistics New Building')",1088.3
"('Industrial Engineering – Mechanical Engineering Building', 'UP Asian Institute Of Tourism')",1395.5
"('Alonso Hall', 'National Institute of Geological Sciences')",779.6
"('Alonso Hall', 'GT-Toyota Asian Center')",797.9
"('Alonso Hall', 'University of the Philippines Center for International Studies')",399.4
"('Alonso Hall', 'UP College of Law')",537.5
"('Alonso Hall', 'National Institute of Molecular Biology and Biotechnology')",338.1
"('Alonso Hall', 'UP Department of Mechanical Engineering')",1039.9
"('Alonso Hall', 'UP Marine Science Institute')",742.3
"('Alonso Hall', 'Institute of Mathematics')",731.4
"('Alonso Hall', 'Institute of Environmental Science and Meteorology')",728.8
"('Alonso Hall', 'Alfredo V. Lagmay Hall')",331.0
"('Alonso Hall', 'UP Vanguard Building')",1676.0
"('Alonso Hall', 'University of the Philippines-Diliman Department of Sociology')",490.6
"('Alonso Hall', 'Bulwagang Silangang Palma')",338.5
"('Alonso Hall', 'UP School of Statistics New Building')",1028.6
"('Alonso Hall', 'UP Asian Institute Of Tourism')",2170.4
"('National Institute of Geological Sciences', 'GT-Toyota Asian Center')",1516.6
"('National Institute of Geological Sciences', 'University of the Philippines Center for International Studies')",908.2
"('National Institute of Geological Sciences', 'UP College of Law')",1256.1
"('National Institute of Geological Sciences', 'National Institute of Molecular Biology and Biotechnology')",510.2
"('National Institute of Geological Sciences', 'UP Department of Mechanical Engineering')",1115.1
"('National Institute of Geological Sciences', 'UP Marine Science Institute')",356.9
"('National Institute of Geological Sciences', 'Institute of Mathematics')",313.3
"('National Institute of Geological Sciences', 'Institute of Environmental Science and Meteorology')",103.5
"('National Institute of Geological Sciences', 'Alfredo V. Lagmay Hall')",976.6
"('National Institute of Geological Sciences', 'UP Vanguard Building')",1702.7
"('National Institute of Geological Sciences', 'University of the Philippines-Diliman Department of Sociology')",819.5
"('National Institute of Geological Sciences', 'Bulwagang Silangang Palma')",938.8
"('National Institute of Geological Sciences', 'UP School of Statistics New Building')",710.7
"('National Institute of Geological Sciences', 'UP Asian Institute Of Tourism')",2062.9
"('GT-Toyota Asian Center', 'University of the Philippines Center for International Studies')",798.1
"('GT-Toyota Asian Center', 'UP College of Law')",388.9
"('GT-Toyota Asian Center', 'National Institute of Molecular Biology and Biotechnology')",1075.0
"('GT-Toyota Asian Center', 'UP Department of Mechanical Engineering')",682.9
"('GT-Toyota Asian Center', 'UP Marine Science Institute')",1399.1
"('GT-Toyota Asian Center', 'Institute of Mathematics')",1468.3
"('GT-Toyota Asian Center', 'Institute of Environmental Science and Meteorology')",1465.7
"('GT-Toyota Asian Center', 'Alfredo V. Lagmay Hall')",759.1
"('GT-Toyota Asian Center', 'UP Vanguard Building')",1347.8
"('GT-Toyota Asian Center', 'University of the Philippines-Diliman Department of Sociology')",889.4
"('GT-Toyota Asian Center', 'Bulwagang Silangang Palma')",766.7
"('GT-Toyota Asian Center', 'UP School of Statistics New Building')",1439.1
"('GT-Toyota Asian Center', 'UP Asian Institute Of Tourism')",1846.2
"('University of the Philippines Center for International Studies', 'UP College of Law')",537.7
"('University of the Philippines Center for International Studies', 'National Institute of Molecular Biology and Biotechnology')",676.4
"('University of the Philippines Center for International Studies', 'UP Department of Mechanical Engineering')",696.1
"('University of the Philippines Center for International Studies', 'UP Marine Science Institute')",619.6
"('University of the Philippines Center for International Studies', 'Institute of Mathematics')",995.7
"('University of the Philippines Center for International Studies', 'Institute of Environmental Science and Meteorology')",984.7
"('University of the Philippines Center for International Studies', 'Alfredo V. Lagmay Hall')",68.4
"('University of the Philippines Center for International Studies', 'UP Vanguard Building')",1283.1
"('University of the Philippines Center for International Studies', 'University of the Philippines-Diliman Department of Sociology')",91.3
"('University of the Philippines Center for International Studies', 'Bulwagang Silangang Palma')",133.9
"('University of the Philippines Center for International Studies', 'UP School of Statistics New Building')",659.6
"('University of the Philippines Center for International Studies', 'UP Asian Institute Of Tourism')",1776.5
"('UP College of Law', 'National Institute of Molecular Biology and Biotechnology')",814.5
"('UP College of Law', 'UP Department of Mechanical Engineering')",524.8
"('UP College of Law', 'UP Marine Science Institute')",1029.4
"('UP College of Law', 'Institute of Mathematics')",1207.9
"('UP College of Law', 'Institute of Environmental Science and Meteorology')",1205.3
"('UP College of Law', 'Alfredo V. Lagmay Hall')",498.7
"('UP College of Law', 'UP Vanguard Building')",1183.3
"('UP College of Law', 'University of the Philippines-Diliman Department of Sociology')",629.0
"('UP College of Law', 'Bulwagang Silangang Palma')",506.2
"('UP College of Law', 'UP School of Statistics New Building')",1069.5
"('UP College of Law', 'UP Asian Institute Of Tourism')",1681.6
"('National Institute of Molecular Biology and Biotechnology', 'UP Department of Mechanical Engineering')",1134.7
"('National Institute of Molecular Biology and Biotechnology', 'UP Marine Science Institute')",472.8
"('National Institute of Molecular Biology and Biotechnology', 'Institute of Mathematics')",462.0
"('National Institute of Molecular Biology and Biotechnology', 'Institute of Environmental Science and Meteorology')",459.4
"('National Institute of Molecular Biology and Biotechnology', 'Alfredo V. Lagmay Hall')",608.0
"('National Institute of Molecular Biology and Biotechnology', 'UP Vanguard Building')",1722.4
"('National Institute of Molecular Biology and Biotechnology', 'University of the Philippines-Diliman Department of Sociology')",622.4
"('National Institute of Molecular Biology and Biotechnology', 'Bulwagang Silangang Palma')",615.5
"('National Institute of Molecular Biology and Biotechnology', 'UP School of Statistics New Building')",812.3
"('National Institute of Molecular Biology and Biotechnology', 'UP Asian Institute Of Tourism')",2190.5
"('UP Department of Mechanical Engineering', 'UP Marine Science Institute')",826.5
"('UP Department of Mechanical Engineering', 'Institute of Mathematics')",1374.1
"('UP Department of Mechanical Engineering', 'Institute of Environmental Science and Meteorology')",1191.6
"('UP Department of Mechanical Engineering', 'Alfredo V. Lagmay Hall')",764.3
"('UP Department of Mechanical Engineering', 'UP Vanguard Building')",665.0
"('UP Department of Mechanical Engineering', 'University of the Philippines-Diliman Department of Sociology')",737.4
"('UP Department of Mechanical Engineering', 'Bulwagang Silangang Palma')",829.9
"('UP Department of Mechanical Engineering', 'UP School of Statistics New Building')",866.5
"('UP Department of Mechanical Engineering', 'UP Asian Institute Of Tourism')",1163.3
"('UP Marine Science Institute', 'Institute of Mathematics')",601.6
"('UP Marine Science Institute', 'Institute of Environmental Science and Meteorology')",433.4
"('UP Marine Science Institute', 'Alfredo V. Lagmay Hall')",688.0
"('UP Marine Science Institute', 'UP Vanguard Building')",1414.1
"('UP Marine Science Institute', 'University of the Philippines-Diliman Department of Sociology')",530.9
"('UP Marine Science Institute', 'Bulwagang Silangang Palma')",650.2
"('UP Marine Science Institute', 'UP School of Statistics New Building')",490.0
"('UP Marine Science Institute', 'UP Asian Institute Of Tourism')",1868.1
"('Institute of Mathematics', 'Institute of Environmental Science and Meteorology')",262.4
"('Institute of Mathematics', 'Alfredo V. Lagmay Hall')",1001.4
"('Institute of Mathematics', 'UP Vanguard Building')",1961.8
"('Institute of Mathematics', 'University of the Philippines-Diliman Department of Sociology')",904.4
"('Institute of Mathematics', 'Bulwagang Silangang Palma')",1008.8
"('Institute of Mathematics', 'UP School of Statistics New Building')",969.7
"('Institute of Mathematics', 'UP Asian Institute Of Tourism')",2321.9
"('Institute of Environmental Science and Meteorology', 'Alfredo V. Lagmay Hall')",998.8
"('Institute of Environmental Science and Meteorology', 'UP Vanguard Building')",1779.2
"('Institute of Environmental Science and Meteorology', 'University of the Philippines-Diliman Department of Sociology')",896.1
"('Institute of Environmental Science and Meteorology', 'Bulwagang Silangang Palma')",1006.2
"('Institute of Environmental Science and Meteorology', 'UP School of Statistics New Building')",787.2
"('Institute of Environmental Science and Meteorology', 'UP Asian Institute Of Tourism')",2139.4
"('Alfredo V. Lagmay Hall', 'UP Vanguard Building')",1351.5
"('Alfredo V. Lagmay Hall', 'University of the Philippines-Diliman Department of Sociology')",159.6
"('Alfredo V. Lagmay Hall', 'Bulwagang Silangang Palma')",65.6
"('Alfredo V. Lagmay Hall', 'UP School of Statistics New Building')",728.0
"('Alfredo V. Lagmay Hall', 'UP Asian Institute Of Tourism')",1844.8
"('UP Vanguard Building', 'University of the Philippines-Diliman Department of Sociology')",1324.4
"('UP Vanguard Building', 'Bulwagang Silangang Palma')",1417.1
"('UP Vanguard Building', 'UP School of Statistics New Building')",1348.2
"('UP Vanguard Building', 'UP Asian Institute Of Tourism')",625.8
"('University of the Philippines-Diliman Department of Sociology', 'Bulwagang Silangang Palma')",225.2
"('University of the Philippines-Diliman Department of Sociology', 'UP School of Statistics New Building')",570.9
"('University of the Philippines-Diliman Department of Sociology', 'UP Asian Institute Of Tourism')",1817.7
"('Bulwagang Silangang Palma', 'UP School of Statistics New Building')",690.2
"('Bulwagang Silangang Palma', 'UP Asian Institute Of Tourism')",1910.4
"('UP School of Statistics New Building', 'UP Asian Institute Of Tourism')",1528.4
